query_idx,dominant_cluster,gt_count_in_cluster
2,345,6
3,1021,9
15,505,8
32,307,9
35,109,8
39,207,10
40,549,6
42,49,6
45,408,6
49,887,7
51,233,6
54,555,6
55,970,9
56,992,9
59,422,7
62,744,9
64,414,6
66,323,6
70,313,9
71,135,7
86,658,10
88,467,9
90,882,9
91,356,8
92,305,8
98,122,10
102,660,8
105,321,7
106,852,6
108,555,8
112,88,10
114,957,9
116,422,9
118,95,6
126,348,7
134,636,8
141,694,10
144,922,6
146,523,7
147,212,6
151,498,8
153,140,6
165,212,7
167,336,8
168,325,7
180,88,6
185,313,9
186,235,6
188,706,7
189,290,8
190,694,10
198,636,7
211,505,6
212,126,6
220,171,6
229,115,6
232,208,10
236,124,6
237,529,6
253,370,7
263,773,8
264,934,6
265,520,10
269,93,6
273,172,8
275,115,6
279,158,6
286,66,7
290,477,7
301,647,7
306,220,6
308,835,6
314,140,6
321,119,6
331,552,7
335,864,9
346,495,7
365,75,6
376,271,7
399,745,7
403,365,6
404,266,8
408,447,7
428,322,6
431,1021,7
436,683,6
442,212,9
455,393,9
457,524,6
462,882,10
463,41,9
468,734,7
470,775,9
478,265,10
480,636,10
484,947,9
485,177,10
490,734,8
491,715,8
493,313,10
495,680,6
498,313,6
503,956,7
505,470,6
509,435,6
510,458,8
514,357,10
517,498,10
518,720,7
521,930,7
525,1003,9
526,616,8
530,268,9
532,112,8
535,887,6
538,695,6
543,101,6
545,187,7
546,447,8
550,767,7
552,887,8
557,938,7
570,115,6
577,32,6
579,418,6
581,882,9
583,196,7
585,669,6
592,984,9
593,205,6
594,767,7
595,358,6
600,347,9
608,633,8
615,689,6
621,514,6
622,112,6
623,801,9
625,413,9
626,919,8
628,720,9
629,357,7
630,7,10
631,422,10
632,422,6
633,555,8
634,177,10
635,177,10
636,112,10
638,219,8
639,950,10
641,341,6
642,298,10
643,1021,6
646,734,6
651,919,6
652,122,6
653,852,7
654,357,10
655,706,7
656,214,8
658,177,7
660,555,9
662,313,10
663,214,9
672,454,6
674,454,8
677,135,6
685,818,6
689,971,6
697,837,9
699,837,9
700,1014,6
704,852,6
709,855,8
710,550,6
716,68,6
725,658,10
727,332,6
732,866,8
733,122,10
736,68,7
740,63,6
746,512,7
749,840,8
751,408,7
752,724,9
755,420,6
756,1021,7
758,809,8
761,599,10
762,370,7
765,797,6
769,268,10
770,96,7
774,919,10
776,734,8
777,1000,8
783,212,9
785,498,8
790,650,8
794,887,6
795,595,7
796,35,6
797,610,7
798,7,8
800,757,10
805,505,9
806,243,10
807,815,7
809,34,10
812,540,10
814,299,6
820,734,9
821,734,6
832,212,8
834,231,6
837,979,6
843,614,7
844,619,6
846,532,6
850,76,7
853,277,8
863,645,6
865,864,7
874,610,10
876,680,6
878,630,8
882,950,8
885,806,8
886,425,6
896,10,7
897,96,6
899,993,6
902,157,7
907,887,6
917,734,7
922,428,7
925,680,7
932,501,7
941,180,6
945,791,7
952,330,6
955,904,8
962,860,6
974,505,6
977,547,6
978,524,9
979,540,6
985,524,6
989,69,7
990,320,9
992,403,7
1004,497,6
1009,358,7
1011,188,6
1015,828,9
1023,219,7
1031,490,6
1039,441,6
1044,754,6
1047,882,9
1051,918,9
1055,422,6
1061,974,7
1065,447,7
1069,884,7
1071,271,6
1077,828,8
1092,113,6
1093,548,10
1097,723,6
1098,882,8
1099,48,9
1104,983,7
1111,734,8
1113,406,7
1117,626,7
1127,878,7
1129,1010,10
1132,990,6
1134,95,6
1143,204,8
1146,690,6
1153,686,7
1155,0,6
1157,78,6
1158,281,10
1159,654,9
1164,971,7
1175,754,8
1204,757,9
1211,743,8
1212,907,7
1215,957,8
1220,957,7
1230,942,9
1241,277,9
1245,211,9
1252,548,10
1256,971,7
1261,412,7
1262,980,9
1264,921,7
1265,442,7
1267,690,9
1268,767,10
1271,89,8
1275,970,6
1277,921,8
1287,226,6
1291,212,7
1294,147,7
1295,540,7
1298,447,6
1302,845,7
1308,986,8
1310,767,6
1314,886,6
1316,616,10
1318,201,6
1320,844,9
1323,382,8
1332,720,8
1337,842,8
1340,101,10
1341,987,10
1348,298,7
1356,239,6
1357,26,6
1358,79,7
1361,65,6
1366,324,9
1373,520,8
1381,422,9
1382,704,6
1383,64,9
1385,442,6
1386,129,6
1395,431,7
1397,271,8
1398,884,10
1399,689,8
1402,422,9
1403,298,6
1404,379,8
1405,734,9
1414,543,7
1415,41,8
1420,253,10
1422,630,7
1424,504,6
1427,357,8
1428,512,6
1433,866,7
1435,357,6
1439,379,6
1440,492,6
1445,670,8
1448,422,8
1449,884,6
1450,504,6
1453,508,10
1455,743,6
1460,723,7
1462,520,6
1466,985,6
1475,298,10
1478,959,9
1486,422,6
1488,921,9
1498,636,6
1501,422,10
1507,945,7
1509,597,6
1510,8,6
1513,723,9
1516,734,6
1517,38,7
1523,156,8
1526,767,8
1531,636,9
1534,842,8
1535,169,8
1538,337,8
1551,203,6
1553,852,8
1554,769,8
1568,113,6
1569,855,6
1573,886,6
1575,91,6
1576,175,10
1577,4,9
1586,99,6
1589,192,8
1592,123,6
1594,69,7
1599,992,9
1602,826,6
1606,240,7
1610,930,6
1617,526,8
1624,624,8
1639,887,6
1643,211,6
1645,299,6
1652,113,6
1653,804,7
1656,357,9
1660,734,8
1663,407,6
1675,983,9
1687,278,6
1688,787,7
1690,653,7
1701,297,6
1707,674,7
1713,166,9
1714,408,7
1729,695,8
1735,1000,7
1751,698,8
1752,421,7
1754,674,6
1756,195,7
1757,923,7
1760,1001,6
1768,385,10
1774,529,7
1775,547,6
1785,703,7
1788,327,7
1794,694,7
1798,124,6
1802,514,6
1809,540,8
1815,12,7
1838,948,6
1839,356,6
1843,466,6
1852,878,6
1853,67,6
1862,177,6
1865,313,7
1869,54,7
1870,529,7
1874,112,7
1875,34,7
1877,214,7
1878,978,7
1879,352,6
1883,767,8
1885,520,10
1887,829,6
1891,855,6
1901,73,10
1907,235,10
1908,130,7
1911,721,7
1913,40,7
1917,152,7
1919,826,6
1921,1000,10
1924,1013,7
1925,788,6
1926,671,10
1930,767,8
1931,192,6
1934,711,7
1938,419,7
1946,722,9
1948,112,7
1950,543,6
1951,959,10
1953,601,6
1954,846,10
1955,846,10
1956,889,6
1962,313,10
1963,40,10
1964,703,7
1969,40,8
1970,970,7
1975,919,8
1977,454,7
1978,314,6
1979,114,7
1986,949,8
1987,928,6
1993,671,6
1997,192,7
2002,902,6
2011,246,6
2016,447,7
2024,25,7
2027,767,7
2028,501,6
2034,95,9
2037,756,7
2039,0,6
2043,552,9
2044,212,6
2047,826,8
2050,943,8
2060,905,7
2061,434,6
2063,40,8
2085,250,6
2089,211,6
2091,149,8
2104,418,7
2113,769,7
2117,718,6
2119,122,6
2121,571,6
2126,64,9
2128,447,9
2134,943,8
2146,979,7
2155,869,6
2161,767,10
2163,767,10
2168,876,6
2171,276,7
2172,734,6
2174,525,6
2187,512,9
2189,435,8
2194,171,6
2195,913,6
2203,271,6
2204,555,9
2206,767,7
2217,158,7
2220,338,9
2229,760,8
2233,794,9
2243,923,6
2246,669,6
2249,271,6
2250,859,8
2253,498,10
2257,47,6
2259,574,7
2272,347,9
2273,41,8
2274,541,6
2278,846,9
2279,889,6
2287,882,6
2302,924,6
2310,100,6
2314,986,7
2315,8,7
2327,514,8
2329,644,6
2339,40,7
2342,549,6
2346,729,7
2362,204,7
2367,69,10
2373,777,7
2374,514,6
2381,763,6
2386,915,7
2387,325,7
2392,887,8
2393,938,6
2394,24,6
2401,836,8
2402,686,6
2408,456,8
2412,61,7
2413,457,8
2414,357,7
2418,200,8
2429,1004,7
2431,824,6
2448,795,8
2453,718,6
2465,462,7
2466,946,10
2475,423,8
2481,275,8
2486,710,6
2487,456,10
2488,1004,6
2493,477,7
2497,140,6
2505,50,7
2509,709,6
2512,875,7
2515,211,9
2524,510,6
2525,527,9
2532,257,6
2549,882,8
2550,225,6
2560,887,6
2565,977,7
2567,146,9
2569,971,8
2575,543,7
2582,1008,7
2585,466,7
2587,418,7
2593,371,8
2594,1000,7
2596,806,7
2599,860,7
2604,882,6
2608,844,6
2613,41,8
2614,512,6
2617,188,9
2632,722,6
2634,864,6
2640,299,6
2642,992,6
2646,815,6
2647,103,8
2652,320,6
2653,647,6
2655,904,7
2660,526,8
2662,489,7
2663,745,6
2664,992,10
2672,624,7
2678,624,6
2687,457,6
2691,835,8
2693,854,8
2694,572,6
2701,986,6
2704,802,7
2709,487,7
2710,707,7
2714,40,8
2715,225,6
2716,210,7
2724,1004,7
2729,146,7
2731,523,8
2742,298,8
2744,240,6
2746,75,7
2748,355,8
2753,796,6
2756,520,10
2763,162,6
2770,583,8
2779,816,9
2783,385,6
2791,496,6
2795,1014,9
2796,409,10
2797,1014,9
2799,447,8
2800,1014,7
2801,1014,7
2807,904,6
2813,42,6
2818,595,6
2820,349,6
2822,444,8
2823,101,7
2824,324,6
2826,734,7
2831,512,7
2836,432,7
2839,806,7
2840,609,7
2849,307,7
2856,396,6
2866,129,6
2867,365,9
2875,157,7
2880,21,8
2885,456,9
2892,922,9
2893,698,6
2895,624,8
2900,794,7
2902,536,7
2905,708,9
2910,981,7
2912,734,8
2917,786,7
2924,259,7
2925,658,8
2929,78,8
2931,969,6
2932,961,9
2934,566,9
2946,78,7
2948,789,6
2951,520,8
2959,526,9
2967,209,6
2974,514,7
2975,540,9
2987,28,6
2989,1004,6
2990,510,7
2992,938,8
2994,361,6
2996,955,6
3003,630,7
3008,636,7
3010,637,7
3011,809,6
3019,855,7
3020,271,10
3022,257,10
3026,855,6
3027,767,7
3032,580,8
3034,734,10
3036,767,9
3037,882,8
3042,415,7
3043,0,6
3044,336,6
3050,595,6
3071,472,6
3079,314,9
3087,887,6
3093,47,7
3094,13,7
3100,801,6
3103,69,6
3104,27,6
3109,645,7
3112,244,7
3114,743,8
3115,51,6
3116,66,8
3119,426,10
3126,976,6
3127,299,6
3128,955,7
3130,261,9
3133,710,6
3140,957,6
3150,999,10
3155,446,6
3162,546,7
3169,233,7
3170,359,6
3176,266,10
3178,704,8
3180,833,6
3184,32,6
3186,930,6
3189,826,10
3192,482,7
3195,992,6
3201,630,9
3202,575,10
3203,313,6
3204,323,8
3205,874,6
3207,177,10
3208,422,10
3209,540,10
3212,823,8
3213,721,6
3215,555,10
3217,255,8
3218,422,7
3219,786,9
3223,980,6
3224,498,9
3225,930,6
3228,600,6
3232,227,8
3236,269,7
3238,177,10
3239,605,6
3244,583,7
3245,599,8
3248,884,6
3249,863,6
3251,419,7
3254,698,6
3256,93,8
3263,356,6
3266,4,7
3271,135,6
3277,852,6
3279,828,8
3289,828,7
3291,61,7
3292,409,7
3293,347,8
3295,205,6
3296,572,6
3297,200,7
3303,700,6
3304,740,7
3305,863,7
3310,595,8
3311,66,9
3312,409,6
3315,433,6
3320,520,9
3322,708,7
3329,622,10
3332,504,6
3333,36,6
3334,422,7
3344,714,7
3349,47,8
3350,1021,6
3354,734,10
3362,15,9
3363,222,7
3368,693,8
3374,814,6
3375,133,6
3378,333,10
3397,212,6
3398,933,7
3406,876,7
3408,18,6
3415,805,6
3418,125,6
3419,509,6
3421,828,8
3425,734,6
3426,35,9
3439,999,10
3443,806,7
3449,993,8
3450,365,6
3461,909,7
3463,799,6
3474,523,9
3478,724,6
3487,545,7
3501,231,7
3506,703,10
3508,823,6
3509,177,8
3519,636,7
3523,722,6
3525,715,6
3528,994,9
3529,47,9
3530,843,8
3531,583,6
3538,583,10
3540,986,10
3549,290,6
3552,555,7
3555,640,7
3556,94,7
3560,320,7
3561,244,8
3562,922,8
3564,147,6
3574,73,6
3575,556,6
3578,88,6
3579,732,7
3581,162,6
3584,815,6
3585,975,6
3588,363,6
3594,970,9
3600,113,6
3606,525,10
3615,694,8
3616,647,9
3618,136,10
3619,344,6
3624,69,10
3628,996,7
3630,691,6
3631,48,8
3633,226,7
3637,212,6
3643,88,7
3645,548,7
3646,614,8
3653,113,6
3657,321,10
3658,504,7
3661,313,6
3664,467,10
3666,135,7
3674,1,7
3676,937,8
3677,73,6
3679,447,6
3682,937,8
3683,852,6
3693,184,7
3697,905,7
3701,149,9
3702,846,10
3704,520,10
3707,610,7
3709,128,6
3712,147,6
3713,398,6
3716,623,7
3717,678,7
3718,744,10
3722,802,8
3725,177,8
3726,200,9
3739,381,9
3745,299,8
3749,454,6
3751,979,8
3756,149,8
3759,674,6
3763,658,6
3764,875,6
3769,33,7
3770,321,7
3773,805,7
3774,250,6
3776,540,10
3781,550,7
3792,743,10
3793,324,8
3796,781,6
3798,514,9
3801,112,8
3803,313,6
3804,112,10
3808,658,9
3811,333,7
3819,512,8
3823,852,7
3828,257,6
3830,852,8
3831,1000,8
3834,112,6
3837,197,9
3839,313,6
3842,235,8
3844,435,6
3846,112,9
3849,418,10
3850,720,9
3852,275,10
3853,112,7
3854,112,6
3860,112,10
3864,726,8
3866,829,6
3867,211,8
3875,212,8
3876,275,6
3877,720,6
3880,69,9
3881,887,7
3882,205,7
3883,525,6
3885,977,6
3889,169,6
3893,828,7
3895,746,6
3898,447,6
3899,89,6
3908,994,6
3909,122,6
3911,871,8
3913,840,6
3915,101,6
3918,103,8
3920,372,6
3921,341,7
3922,919,6
3924,744,9
3925,804,6
3930,552,9
3932,122,9
3941,958,9
3943,410,6
3950,211,6
3952,345,6
3965,734,6
3966,806,6
3969,596,7
3977,343,7
3985,874,6
3987,979,6
3995,253,7
3996,572,6
4002,836,8
4003,934,6
4007,843,6
4008,212,6
4012,520,7
4014,815,10
4020,543,6
4021,205,9
4023,468,7
4025,483,6
4026,919,9
4027,786,9
4028,919,10
4032,112,10
4033,236,8
4034,689,6
4036,846,10
4039,41,6
4041,992,6
4044,882,8
4046,884,10
4047,716,9
4049,958,8
4053,174,7
4059,235,10
4063,31,6
4079,843,6
4080,520,9
4081,647,8
4082,220,6
4085,802,8
4086,658,6
4094,699,6
4098,489,6
4099,809,10
4109,130,6
4112,821,7
4116,953,8
4123,38,8
4133,464,8
4138,38,9
4146,441,9
4154,411,7
4169,536,10
4176,818,6
4181,585,7
4198,1021,6
4200,92,7
4202,216,8
4204,418,8
4207,464,7
4208,313,10
4209,207,7
4219,555,10
4222,734,7
4224,298,6
4225,73,9
4228,734,7
4230,906,7
4236,412,7
4237,41,6
4247,734,7
4249,447,6
4254,489,7
4256,671,7
4257,944,8
4259,169,6
4263,794,6
4264,890,6
4266,422,6
4269,73,6
4273,526,9
4275,613,9
4279,837,9
4287,626,6
4288,626,8
4291,641,7
4294,815,10
4302,584,6
4309,571,7
4310,1,6
4313,966,6
4317,690,7
4325,370,10
4332,505,7
4339,743,6
4340,833,6
4348,647,8
4349,1003,6
4354,212,6
4355,259,7
4359,514,6
4361,365,7
4366,887,7
4368,531,6
4369,198,7
4371,64,7
4377,549,6
4379,48,6
4384,520,8
4386,614,6
4397,444,6
4402,551,8
4403,973,8
4425,970,6
4426,939,9
4429,161,10
4431,426,9
4437,430,10
4440,543,6
4442,244,6
4447,904,6
4448,939,7
4459,904,9
4468,793,6
4472,157,7
4475,512,6
4479,690,7
4482,1008,9
4483,413,10
4484,600,6
4485,582,6
4492,213,6
4494,41,9
4495,435,8
4496,274,9
4497,582,10
4499,528,7
4500,846,7
4501,767,6
4505,690,9
4506,143,6
4517,144,9
4518,237,7
4519,513,6
4524,467,9
4526,734,7
4537,548,7
4541,616,10
4545,863,7
4548,332,6
4558,75,7
4561,588,7
4562,497,7
4565,474,6
4571,729,6
4574,453,9
4575,709,6
4579,887,9
4582,501,6
4590,658,6
4597,192,6
4598,930,8
4603,540,6
4604,1008,9
4622,447,7
4628,666,6
4629,543,7
4641,921,6
4648,829,7
4652,112,8
4654,679,8
4655,775,8
4659,658,9
4661,874,7
4669,478,7
4671,921,6
4675,503,6
4676,478,6
4677,1022,8
4679,385,8
4681,463,7
4683,7,10
4685,440,6
4689,89,6
4692,1000,9
4704,552,8
4706,781,9
4708,333,7
4725,690,6
4730,358,6
4731,804,7
4736,422,6
4743,690,9
4746,552,6
4750,1014,8
4752,811,10
4753,130,7
4755,243,10
4762,599,8
4763,393,6
4773,746,6
4777,815,8
4782,7,10
4785,278,9
4793,982,6
4800,444,8
4803,887,10
4806,41,7
4807,64,6
4810,914,6
4832,882,10
4834,540,7
4835,887,10
4836,882,6
4840,442,6
4843,985,7
4846,442,7
4856,743,7
4860,921,8
4877,16,7
4881,979,9
4887,40,7
4889,992,6
4890,204,7
4899,489,9
4915,440,7
4921,4,6
4926,87,6
4928,979,6
4931,101,8
4932,69,10
4939,514,6
4941,653,6
4943,540,8
4947,409,6
4948,992,6
4949,904,10
4950,419,6
4951,442,6
4953,40,6
4955,613,6
4957,1010,9
4959,863,6
4960,171,8
4966,729,6
4971,555,6
4977,531,7
4978,813,6
4979,212,7
4980,158,6
4981,930,6
4982,1023,6
4983,689,10
4986,212,7
4988,887,9
4989,801,8
4992,212,7
4993,245,7
4999,884,7
5000,852,7
5001,112,8
5010,747,6
5012,746,7
5021,899,8
5022,392,7
5023,644,7
5025,723,9
5027,357,9
5030,457,6
5032,0,8
5035,855,6
5047,16,6
5053,717,6
5054,78,7
5071,1003,6
5072,271,6
5073,728,6
5074,647,7
5078,703,7
5081,837,10
5083,653,6
5086,196,7
5087,197,6
5089,99,6
5091,880,6
5093,476,8
5095,723,8
5100,786,10
5101,122,6
5107,396,9
5109,99,8
5113,226,9
5114,874,9
5117,625,8
5118,880,7
5121,995,7
5122,253,6
5125,152,7
5127,442,6
5128,409,6
5131,176,7
5135,852,7
5136,995,10
5137,930,10
5138,639,7
5139,177,8
5140,930,6
5143,583,7
5145,362,9
5146,680,10
5147,720,8
5148,285,9
5154,176,10
5159,196,6
5162,734,10
5165,734,7
5166,882,8
5170,734,7
5174,0,6
5175,734,8
5181,734,10
5183,858,9
5184,122,10
5185,313,10
5188,122,10
5190,313,6
5196,44,8
5197,760,10
5203,78,9
5207,208,7
5210,760,7
5211,720,6
5216,883,7
5217,543,7
5220,942,6
5223,726,6
5224,1014,9
5227,122,8
5229,536,7
5232,236,10
5239,543,9
5240,435,7
5243,298,10
5245,144,8
5246,815,10
5248,122,10
5250,409,6
5252,211,6
5255,313,7
5260,734,6
5261,40,9
5268,1000,8
5269,212,6
5276,441,8
5278,64,6
5279,875,6
5282,382,6
5283,959,9
5286,313,9
5289,922,8
5290,512,8
5292,244,6
5294,767,8
5296,69,6
5297,69,6
5298,186,10
5302,890,7
5306,767,6
5311,422,10
5312,786,7
5315,555,10
5316,503,8
5318,41,7
5322,636,8
5323,959,10
5324,940,8
5326,441,8
5328,244,8
5329,313,7
5330,743,7
5332,787,6
5337,882,10
5338,122,10
5340,823,6
5344,509,7
5355,806,6
5357,112,7
5358,555,10
5360,113,6
5362,884,9
5364,294,8
5367,555,7
5372,244,10
5373,69,7
5376,540,7
5377,688,7
5381,24,9
5386,42,6
5396,1023,8
5399,734,10
5402,1004,7
5413,975,8
5415,260,6
5424,222,6
5426,690,7
5435,959,6
5437,774,7
5438,313,8
5443,797,7
5446,743,7
5456,940,8
5457,647,9
5460,689,6
5462,890,7
5468,714,8
5470,802,7
5474,275,6
5475,717,7
5484,51,8
5489,610,6
5490,214,7
5501,747,6
5522,214,9
5529,824,6
5537,370,7
5539,529,9
5540,198,8
5547,533,6
5550,801,6
5558,705,7
5559,816,9
5560,338,9
5561,549,8
5572,418,6
5574,963,9
5576,798,6
5578,930,8
5579,41,6
5580,418,8
5585,418,9
5586,142,10
5589,992,6
5590,500,7
5592,418,6
5598,216,6
5599,208,8
5602,743,8
5604,257,10
5605,275,10
5610,99,6
5614,509,9
5615,76,6
5621,973,7
5623,621,10
5624,829,8
5625,356,10
5630,996,6
5637,230,8
5638,228,6
5644,821,6
5646,778,7
5647,236,9
5648,275,7
5650,89,6
5653,942,6
5655,572,6
5665,512,6
5666,744,10
5674,736,6
5677,54,8
5681,825,6
5682,126,6
5683,720,10
5689,704,6
5696,749,7
5712,26,9
5713,942,7
5715,414,10
5716,1010,9
5718,345,7
5719,653,8
5722,26,7
5723,852,9
5724,217,6
5727,41,8
5730,981,10
5731,471,8
5732,252,7
5736,327,7
5738,512,6
5753,626,8
5754,135,7
5757,843,6
5761,33,8
5764,396,7
5765,689,6
5770,525,7
5780,307,6
5783,112,9
5788,1022,7
5790,710,9
5792,767,10
5794,540,8
5796,422,10
5800,40,6
5804,40,10
5805,149,6
5810,359,6
5812,244,6
5815,24,7
5817,970,10
5822,595,7
5823,826,6
5825,175,6
5826,790,7
5827,737,7
5835,940,10
5841,544,8
5844,946,9
5848,541,6
5851,93,9
5858,454,8
5864,244,9
5865,628,8
5866,71,8
5867,455,6
5877,555,7
5878,422,10
5881,821,6
5882,324,6
5886,404,9
5887,846,10
5888,166,6
5889,904,9
5893,567,7
5896,487,6
5898,788,10
5900,846,7
5904,151,6
5908,992,6
5910,794,6
5914,430,7
5915,418,8
5917,487,9
5921,487,6
5927,908,7
5929,117,7
5938,914,7
5950,356,6
5958,256,8
5960,793,6
5965,1016,7
5966,743,8
5968,170,9
5971,294,10
5976,484,6
5978,122,8
5981,984,10
5991,686,7
5994,498,6
5998,147,6
6000,435,7
6003,112,10
6005,277,8
6011,814,6
6016,0,7
6017,520,7
6021,1013,10
6029,106,6
6030,520,7
6033,636,7
6035,577,8
6036,92,6
6037,795,6
6038,471,9
6039,107,6
6041,73,9
6043,55,7
6050,150,6
6053,186,8
6055,705,6
6062,60,6
6065,688,6
6081,823,7
6082,467,7
6090,226,6
6097,566,7
6099,462,6
6102,696,8
6105,841,6
6117,866,8
6124,937,7
6126,39,6
6132,696,7
6134,149,8
6135,700,7
6137,445,6
6139,495,6
6145,337,7
6150,691,8
6164,699,9
6174,983,7
6175,89,7
6180,573,6
6199,636,10
6200,169,8
6202,919,6
6204,313,7
6205,690,6
6206,690,7
6207,541,9
6212,122,9
6213,235,8
6215,313,10
6216,342,10
6221,884,10
6224,730,7
6226,882,10
6229,313,9
6235,454,10
6237,467,9
6238,408,9
6240,308,7
6243,454,10
6244,919,9
6245,451,6
6247,680,8
6249,520,9
6250,71,7
6253,151,6
6256,198,7
6265,874,6
6266,197,8
6270,188,9
6271,1013,10
6273,313,10
6274,122,6
6275,930,10
6276,409,7
6277,313,8
6278,227,9
6280,313,10
6281,599,9
6282,342,10
6283,353,8
6284,34,7
6285,34,10
6286,422,6
6287,99,9
6289,541,8
6290,112,9
6291,197,7
6292,572,8
6293,942,6
6294,342,7
6295,520,9
6296,555,7
6297,227,10
6298,227,9
6299,342,9
6300,177,10
6302,930,10
6303,555,7
6304,313,8
6305,99,10
6306,622,6
6308,572,8
6310,327,6
6312,884,7
6314,703,9
6318,342,10
6319,356,8
6320,342,9
6321,419,9
6325,820,8
6326,1013,10
6327,275,9
6328,930,8
6329,356,10
6331,177,9
6332,177,10
6336,116,6
6340,407,7
6343,40,10
6344,432,9
6345,235,8
6346,671,8
6351,525,6
6352,287,6
6356,644,6
6357,235,8
6358,40,6
6360,137,7
6362,235,10
6365,1014,8
6366,235,10
6369,3,7
6370,40,10
6371,984,6
6373,984,10
6374,205,10
6375,456,9
6377,205,8
6378,99,9
6382,422,9
6383,40,9
6385,357,9
6396,589,10
6398,1013,10
6400,1013,7
6401,984,8
6403,715,10
6405,177,7
6406,625,10
6409,625,6
6410,744,10
6412,760,8
6413,1013,8
6414,235,8
6416,285,10
6418,622,8
6421,338,8
6422,244,10
6423,177,10
6425,984,9
6429,409,6
6430,959,10
6433,244,8
6434,227,8
6435,271,6
6437,313,10
6439,244,10
6444,498,6
6453,919,6
6454,419,7
6455,797,8
6461,272,7
6462,959,6
6464,391,8
6465,940,10
6469,177,9
6471,112,7
6475,887,7
6482,899,6
6484,734,6
6485,89,8
6487,361,10
6489,95,9
6492,1000,10
6493,767,8
6499,418,9
6502,644,7
6504,404,8
6505,580,9
6507,804,6
6510,959,8
6513,846,6
6514,867,6
6516,973,9
6522,231,7
6527,482,7
6530,737,6
6531,939,9
6532,202,6
6533,34,6
6534,422,9
6536,422,10
6537,112,9
6538,177,6
6539,112,6
6540,555,6
6541,930,8
6542,786,10
6543,555,8
6544,555,10
6545,34,6
6548,211,6
6549,112,6
6550,786,8
6551,919,9
6552,265,9
6556,555,6
6559,112,10
6560,122,7
6565,411,9
6566,952,6
6568,613,8
6570,477,6
6571,583,9
6576,882,6
6579,930,7
6581,874,6
6582,528,7
6583,707,9
6584,149,6
6585,520,7
6586,447,8
6592,992,9
6595,265,10
6596,671,6
6603,770,8
6604,934,6
6611,652,7
6612,24,10
6613,786,10
6615,984,10
6618,934,6
6622,285,7
6624,204,6
6625,786,10
6626,227,10
6627,508,6
6628,347,9
6631,671,6
6633,275,8
6634,28,8
6635,665,9
6637,255,7
6640,700,6
6642,140,6
6646,621,10
6649,786,10
6650,626,9
6653,786,6
6661,905,6
6663,786,9
6664,626,7
6665,963,7
6670,33,7
6671,313,10
6675,703,8
6676,559,6
6677,313,10
6678,720,6
6679,683,6
6682,946,8
6686,407,8
6687,940,8
6689,112,10
6690,313,8
6691,823,9
6693,175,8
6695,531,7
6696,280,6
6698,715,6
6704,690,6
6707,12,6
6708,197,7
6709,33,10
6710,1013,10
6711,24,10
6712,721,6
6715,24,10
6717,313,8
6719,195,8
6720,919,10
6721,636,6
6722,607,10
6725,265,9
6726,721,10
6731,212,8
6734,694,6
6737,313,6
6742,805,6
6743,442,8
6748,467,10
6769,550,6
6773,211,8
6775,847,6
6776,313,8
6780,234,7
6787,548,10
6788,208,7
6789,382,8
6790,231,6
6792,853,6
6793,846,10
6794,182,8
6795,906,7
6798,422,10
6801,888,8
6804,802,7
6806,124,8
6807,658,8
6810,571,9
6813,27,6
6814,851,7
6818,149,10
6820,385,6
6824,108,8
6829,66,6
6831,882,6
6832,728,9
6837,357,10
6848,16,7
6850,135,9
6857,743,7
6869,419,6
6873,923,7
6876,286,7
6878,805,6
6880,244,9
6881,219,7
6883,1012,6
6885,890,7
6886,447,8
6889,872,7
6890,81,6
6898,987,6
6899,479,8
6900,119,8
6914,226,8
6915,441,7
6922,524,9
6925,302,7
6926,231,6
6935,600,6
6939,828,6
6940,992,8
6943,158,8
6945,644,7
6948,904,10
6949,41,9
6957,112,10
6962,869,6
6969,505,8
6970,1010,8
6973,300,6
6976,841,7
6977,212,10
6983,811,9
6993,630,6
7029,540,8
7048,0,6
7050,350,6
7051,846,6
7056,400,6
7063,352,9
7068,313,10
7072,345,6
7080,550,6
7081,514,7
7086,422,8
7087,357,7
7093,640,7
7101,314,6
7104,427,6
7106,149,7
7114,462,9
7115,383,6
7122,69,9
7126,695,6
7127,489,6
7129,882,7
7134,734,9
7138,395,6
7152,801,6
7154,801,9
7156,966,7
7161,548,7
7165,621,6
7169,703,9
7172,326,7
7174,19,7
7176,798,6
7177,217,7
7180,875,6
7186,298,6
7187,198,10
7195,410,6
7196,17,6
7197,192,6
7198,40,6
7202,549,6
7204,868,7
7209,948,9
7213,418,10
7218,308,6
7219,992,7
7226,213,8
7227,4,6
7231,804,9
7234,793,6
7235,882,6
7237,882,8
7248,503,6
7251,934,7
7252,263,6
7264,136,8
7288,103,6
7289,897,7
7290,619,9
7291,824,7
7307,49,6
7317,745,6
7329,970,6
7344,68,9
7345,380,6
7350,171,6
7357,905,6
7373,630,6
7376,269,6
7377,828,8
7378,93,6
7380,245,6
7383,630,8
7389,809,6
7390,680,6
7391,469,9
7392,680,6
7401,101,10
7403,1009,6
7406,807,8
7408,357,7
7409,555,7
7411,163,6
7419,487,6
7427,27,6
7432,540,8
7435,294,7
7437,610,7
7450,226,7
7451,643,9
7460,512,10
7461,630,7
7462,755,8
7468,505,7
7469,985,7
7473,505,9
7476,930,10
7477,314,6
7478,770,9
7480,695,7
7482,298,6
7484,66,7
7488,357,10
7490,555,9
7491,636,9
7492,791,9
7493,770,9
7495,73,7
7497,212,8
7498,770,9
7499,422,10
7500,683,7
7501,426,7
7502,823,7
7504,195,8
7506,509,6
7510,899,8
7511,419,6
7513,244,10
7514,950,6
7517,504,6
7519,498,10
7523,357,7
7524,600,7
7526,265,10
7527,422,7
7528,626,8
7531,195,8
7532,930,10
7535,694,10
7536,232,6
7537,432,10
7538,940,9
7541,884,6
7544,12,6
7545,217,6
7546,120,9
7553,1013,8
7554,589,6
7555,244,10
7556,9,6
7558,599,6
7562,71,9
7564,244,8
7566,607,9
7569,19,7
7571,498,7
7573,287,8
7577,419,6
7581,919,10
7582,904,8
7583,541,6
7585,28,6
7587,77,9
7589,505,7
7590,658,10
7591,357,6
7593,555,8
7594,1013,7
7597,680,9
7599,356,6
7601,466,6
7602,191,7
7606,342,10
7607,275,9
7608,135,9
7613,200,9
7615,790,6
7617,973,10
7620,454,6
7621,244,6
7622,884,6
7623,514,10
7625,226,7
7626,467,8
7627,51,6
7628,112,6
7629,711,9
7633,419,10
7635,773,6
7636,436,7
7641,789,9
7642,51,10
7643,214,10
7651,714,8
7653,613,6
7655,855,10
7660,177,9
7661,846,9
7662,490,8
7663,97,8
7665,333,9
7666,69,6
7669,981,7
7670,498,10
7671,0,6
7672,512,9
7673,498,7
7676,866,8
7679,678,10
7682,770,8
7685,1015,6
7687,815,9
7688,914,7
7689,505,8
7691,347,10
7693,431,8
7694,922,9
7695,802,9
7698,398,6
7699,471,6
7700,33,10
7701,899,9
7704,396,9
7705,788,7
7706,927,8
7710,418,7
7711,409,6
7712,899,6
7714,946,10
7715,815,10
7718,3,9
7721,749,8
7722,324,6
7729,135,10
7730,398,8
7732,373,10
7735,714,7
7736,720,8
7737,366,10
7744,98,7
7746,498,8
7747,237,6
7753,720,8
7760,816,6
7764,811,10
7767,610,6
7774,243,10
7775,744,7
7776,324,8
7779,807,10
7780,213,7
7784,718,7
7788,419,6
7791,537,8
7793,874,6
7795,107,8
7796,981,6
7799,621,6
7804,525,7
7805,918,6
7806,918,7
7811,814,6
7813,884,10
7814,706,7
7816,734,6
7819,24,6
7822,697,8
7825,636,10
7829,970,6
7831,935,7
7834,235,10
7835,410,6
7839,24,9
7841,47,8
7843,626,10
7844,930,8
7845,887,7
7856,313,6
7860,946,8
7868,294,7
7870,740,8
7872,689,7
7878,541,10
7879,398,7
7880,108,6
7881,422,10
7882,807,9
7884,51,6
7885,533,10
7889,440,6
7899,288,6
7903,802,9
7912,599,6
7913,715,7
7918,243,7
7932,438,6
7946,794,8
7947,647,9
7950,743,8
7959,842,7
7963,87,7
7967,992,7
7968,734,7
7970,563,7
7972,882,6
7973,755,7
7978,809,7
7980,503,8
7981,802,10
7984,930,9
7988,268,6
7989,69,7
7993,584,10
7997,17,7
7998,760,7
8015,73,8
8017,515,6
8018,413,10
8020,392,7
8023,505,10
8026,88,7
8031,721,10
8035,144,6
8037,767,7
8038,1014,8
8039,129,8
8043,540,10
8045,413,9
8047,874,10
8049,210,9
8050,647,10
8052,40,10
8054,114,7
8062,689,10
8063,292,6
8064,213,9
8067,127,6
8068,226,8
8071,715,8
8075,571,10
8089,647,8
8091,470,7
8092,354,6
8097,99,6
8098,644,6
8099,209,7
8100,422,6
8105,613,6
8106,253,9
8112,924,7
8113,437,7
8117,930,9
8118,635,7
8120,689,9
8121,572,6
8123,333,6
8125,357,10
8127,852,8
8129,992,7
8130,324,9
8133,231,6
8134,930,7
8136,449,8
8140,665,9
8144,541,10
8146,555,7
8153,410,6
8154,16,6
8155,34,6
8157,665,10
8160,98,6
8161,940,6
8171,930,6
8173,211,6
8177,528,6
8182,914,6
8184,422,10
8186,197,6
8187,265,10
8189,314,7
8191,422,10
8192,555,10
8194,658,9
8195,422,10
8196,409,9
8197,357,8
8198,992,10
8199,265,10
8200,721,8
8201,823,6
8203,636,6
8204,734,7
8205,265,9
8206,940,10
8208,208,9
8209,815,8
8211,636,10
8212,720,10
8217,24,10
8219,823,7
8222,599,10
8223,583,10
8228,738,6
8230,846,9
8232,149,6
8240,769,6
8241,970,6
8243,580,6
8246,420,6
8249,712,10
8251,884,9
8256,186,8
8258,279,6
8260,132,6
8267,443,10
8273,498,8
8274,524,6
8278,970,10
8280,829,7
8282,644,9
8286,610,9
8292,456,7
8293,858,7
8295,66,8
8296,357,10
8297,219,7
8298,991,6
8299,439,7
8301,149,9
8302,919,10
8305,357,10
8307,884,10
8309,630,8
8313,171,6
8314,610,7
8316,177,6
8318,658,10
8321,237,6
8322,147,7
8324,801,10
8325,904,6
8327,325,7
8328,884,10
8330,624,7
8331,786,7
8332,467,6
8335,198,7
8339,184,8
8341,695,9
8343,333,7
8345,357,10
8347,147,6
8349,697,7
8351,788,6
8353,771,8
8361,773,8
8365,164,6
8366,383,6
8369,182,7
8373,695,6
8374,27,8
8376,644,7
8381,514,6
8382,882,6
8383,912,8
8384,259,7
8389,766,7
8390,828,6
8391,647,7
8393,665,8
8394,25,6
8395,244,6
8396,600,7
8398,600,6
8401,723,6
8404,422,10
8407,422,10
8411,555,10
8419,692,7
8421,940,10
8423,147,8
8424,285,8
8428,422,9
8430,357,8
8431,543,6
8432,946,6
8433,375,8
8436,527,7
8437,838,6
8441,778,7
8448,213,7
8449,525,6
8450,736,10
8452,767,8
8458,805,9
8459,743,8
8461,846,6
8462,1021,10
8465,333,6
8469,158,7
8470,520,8
8483,709,7
8491,484,6
8494,365,6
8495,73,7
8498,333,9
8501,336,7
8505,232,6
8507,296,8
8517,569,6
8523,560,6
8525,340,6
8529,892,6
8536,761,7
8539,38,8
8547,471,6
8548,321,8
8552,395,7
8553,846,7
8555,919,7
8556,851,6
8561,914,9
8563,653,6
8573,821,8
8578,480,6
8579,940,8
8582,345,9
8583,213,6
8586,919,10
8587,1021,7
8588,846,6
8589,385,8
8593,311,8
8594,99,8
8596,546,6
8597,57,9
8598,510,9
8599,793,6
8600,357,6
8602,555,7
8606,884,6
8611,884,6
8614,256,10
8615,498,10
8616,277,6
8625,487,8
8626,44,6
8634,884,10
8636,188,7
8641,466,7
8642,613,7
8643,743,6
8646,422,9
8648,846,8
8649,243,10
8653,396,7
8655,287,7
8658,298,8
8661,547,6
8662,690,7
8670,333,7
8680,509,6
8681,311,7
8682,846,8
8683,869,7
8684,205,6
8685,382,8
8687,333,6
8688,333,8
8693,64,6
8695,263,6
8698,689,6
8699,158,6
8701,256,10
8708,212,7
8709,1021,7
8711,212,8
8715,212,10
8720,541,7
8722,647,9
8723,212,6
8724,884,6
8731,930,8
8737,555,7
8739,826,7
8740,973,8
8742,347,9
8743,47,6
8749,314,9
8751,177,10
8752,34,6
8754,647,7
8759,158,7
8760,485,7
8766,90,6
8768,333,6
8769,729,7
8773,197,10
8778,583,9
8779,419,10
8780,419,6
8783,583,7
8787,521,7
8792,788,8
8798,470,6
8801,773,9
8802,599,7
8803,155,7
8812,365,7
8815,211,10
8818,926,7
8820,436,6
8824,212,9
8825,846,6
8827,255,6
8831,801,8
8834,635,6
8835,658,10
8836,333,8
8838,101,6
8839,472,7
8840,97,8
8841,212,9
8843,583,10
8846,525,10
8848,505,6
8856,543,10
8866,582,7
8868,8,7
8869,977,6
8871,869,6
8874,677,7
8875,555,6
8876,573,6
8878,584,6
8879,846,10
8881,205,6
8885,769,7
8888,212,9
8891,64,8
8895,802,8
8896,726,8
8900,211,8
8904,19,7
8908,536,7
8912,333,8
8913,357,6
8915,514,6
8917,842,6
8918,555,7
8923,946,6
8928,75,7
8933,883,9
8934,884,8
8935,177,8
8937,555,8
8941,994,7
8942,152,7
8947,962,6
8948,235,6
8954,28,7
8956,158,7
8957,1021,9
8963,365,9
8964,625,7
8965,514,7
8971,930,8
8974,357,9
8975,1000,10
8977,431,6
8980,866,8
8981,1013,9
8991,144,7
8993,728,8
8995,540,7
8996,414,7
8997,211,8
8998,647,7
9002,211,10
9003,177,6
9005,826,6
9006,540,7
9018,244,10
9023,333,8
9029,69,9
9037,802,8
9041,415,6
9046,1015,7
9048,647,6
9050,727,6
9051,1013,10
9055,767,8
9057,566,8
9060,347,7
9061,212,8
9063,761,7
9064,868,6
9070,253,6
9074,652,8
9076,731,8
9077,90,6
9080,88,6
9081,919,7
9085,815,6
9087,963,6
9088,971,6
9101,226,8
9102,520,9
9112,666,6
9114,936,6
9115,540,7
9116,514,8
9117,540,7
9120,73,9
9136,808,8
9140,844,8
9141,441,7
9142,771,7
9143,221,6
9145,703,8
9147,113,7
9151,694,8
9152,802,10
9154,299,7
9162,594,7
9163,837,7
9164,548,8
9166,725,6
9173,246,8
9175,908,6
9183,706,6
9184,732,6
9185,1010,7
9186,767,10
9187,540,9
9189,85,6
9192,112,6
9195,212,6
9196,952,6
9203,481,7
9206,129,7
9214,452,6
9220,160,6
9221,231,7
9228,413,7
9229,34,6
9230,520,9
9231,537,6
9234,34,7
9235,791,9
9239,333,6
9240,979,7
9241,870,6
9243,462,6
9245,1014,10
9256,413,6
9259,265,7
9263,237,6
9273,747,6
9274,647,7
9275,313,10
9277,166,6
9281,357,10
9283,459,8
9284,706,8
9288,902,7
9295,791,7
9296,851,7
9301,87,7
9315,296,6
9329,212,10
9332,767,7
9339,614,6
9348,211,6
9353,324,7
9356,846,9
9357,357,10
9358,743,6
9364,836,8
9365,630,8
9366,243,6
9369,610,7
9374,834,6
9380,156,6
9383,25,7
9384,485,9
9386,158,6
9388,158,8
9398,720,7
9399,246,6
9402,743,8
9403,855,10
9404,645,6
9410,35,8
9427,512,7
9429,889,7
9434,878,6
9443,580,9
9449,485,7
9458,140,6
9460,754,9
9479,313,7
9483,794,6
9494,802,6
9495,944,7
9498,584,8
9509,788,6
9515,688,6
9520,67,8
9521,734,7
9522,707,7
9526,112,10
9533,182,7
9534,644,6
9540,344,6
9546,644,6
9549,612,9
9550,603,7
9552,423,8
9564,944,6
9567,305,8
9571,456,6
9572,942,7
9578,420,7
9590,767,6
9593,931,9
9596,352,7
9599,52,6
9601,874,10
9602,285,10
9604,660,6
9607,958,6
9611,792,6
9612,275,10
9614,447,6
9615,213,7
9620,391,6
9627,250,6
9628,555,7
9629,63,6
9635,212,8
9639,487,6
9640,630,8
9642,212,8
9653,268,6
9655,787,7
9656,935,6
9657,607,8
9662,144,7
9663,12,10
9666,918,6
9667,197,7
9673,314,7
9677,175,6
9678,356,10
9679,957,9
9688,112,6
9689,222,7
9693,552,8
9695,356,10
9698,734,7
9700,294,10
9704,694,7
9707,404,6
9708,722,7
9712,184,6
9714,345,9
9728,794,6
9732,895,7
9733,580,6
9739,584,9
9748,294,8
9749,846,9
9758,422,7
9759,228,7
9760,313,6
9764,456,6
9766,40,8
9772,734,9
9775,66,7
9781,278,6
9785,614,6
9791,773,7
9796,397,6
9799,514,8
9800,158,6
9809,801,6
9811,587,6
9815,765,6
9816,132,6
9819,10,8
9821,822,6
9827,398,8
9829,943,6
9830,112,10
9833,188,7
9836,1,6
9846,1015,6
9849,541,8
9852,540,9
9853,529,6
9856,908,8
9859,1008,6
9860,842,8
9861,428,8
9864,843,9
9871,356,6
9875,177,7
9878,356,9
9880,422,10
9881,112,8
9883,200,6
9884,144,7
9885,135,9
9887,211,6
9889,197,10
9890,398,10
9895,720,7
9897,626,10
9899,720,8
9900,583,10
9903,930,7
9910,435,7
9911,540,10
9916,112,8
9917,122,10
9918,1000,10
9919,767,8
9922,232,8
9923,626,10
9924,957,7
9925,441,8
9926,122,8
9928,734,10
9931,919,10
9932,509,7
9934,213,6
9935,422,10
9936,767,8
9938,815,6
9939,610,6
9940,487,6
9941,846,10
9942,533,7
9946,212,7
9947,487,6
9951,244,9
9952,40,8
9957,882,7
9972,540,9
9973,40,9
9974,253,7
9977,232,9
9981,210,6
9982,131,6
9983,630,8
9996,624,6
9999,922,6